nom,email
TROICÉ CONSTRUCTION INC.,urbain@3cconstruction.ca
XO Construction Inc.,sorin@xoconstruction.com
GESTION KARMAT,estimation@gestionkarmat.ca
Anjalec Construction Inc.,vicky@anjalecconstruction.com
CONSTRUCTION CPB INC.,lcoulombe@constructioncpb.com
RALVEC CONSTRUCTION INC. (HISTORIQUE),a.pepin@ralvec.com
Groupe DCR,soumission@groupeDCR.com
CONSTRUCTION SÉLECTION SRJ INC.,rafeek@constructionsrj.ca
PROCOA INC.,earchambault@procoa.ca
CONSTRUCTION DI PAOLO INC.,stephane@groupeDipaolo.com
CORPORATION DE CONSTRUCTION GERMANO,info@germanoconstruction.com
Afcor Construction Inc.,estimation@afcor.ca
Québec Inc Arthier,b.clermont@arthier.ca
Entreprises Philippe Denis Inc.,estimation@entreprisesphilippedenis.com
JOMACO inc.,jpinto@jomaco.com
CHAREX INC.,soumission@charex.ca
IMMOBILIER BELMON INC.,cnadeau@belmon.ca
CONSTRUCTION L. MORIN INC.,catherine.breton@clmorin.com
CONSTRUCTION DESORMEAUX ET BIBEAU INC.,soumission@construction-db.com
ST-DENIS THOMPSON INC.,estimation@stdenisthompson.com
GILCA INC.,cs@gilca.ca
